Name,mtd_interval,MEF,ASR,time_to_compromise,host_compromise_ratio,network_size,exposed_endpoints,attack_path_exposure,ROA,risk,shortest_path_variability
mtd_ai,200,0.005031710679148915,0.22727272727272727,2883.2802983606207,0.05,150,5,0.10142857142857142,0.017991791137785686,0.05885479009095508,0.0
mtd_ai,200,0.005031710679148915,0.2777777777777778,3987.1376233697306,0.1,150,5,0.10142857142857142,0.017991791137785686,0.05885479009095508,0.0
mtd_ai,200,0.005031710679148915,0.32142857142857145,5540.177164519117,0.15,150,5,0.10142857142857142,0.017991791137785686,0.05885479009095508,0.0
mtd_ai,200,0.005031710679148915,0.35294117647058826,6965.597600837973,0.2,150,5,0.10142857142857142,0.017991791137785686,0.05885479009095508,0.0
mtd_ai,200,0.005031710679148915,0.4032258064516129,7373.575550708896,0.25,150,5,0.10142857142857142,0.017991791137785686,0.05885479009095508,0.0
