Name,mtd_interval,MEF,ASR,time_to_compromise,host_compromise_ratio,network_size,total_number_of_ports,attack_path_exposure,ROA,risk,shortest_path_variability
mtd_ai,50,0.008722358462615489,0.11904761904761904,10.11600268325971,1.0666666666666667,100,1061,0.13422222222222221,0.9654975290382192,3.2339286933376625,0.0
mtd_ai,50,0.008722358462615489,0.18518518518518517,10.270607767827478,1.0666666666666667,100,1061,0.13422222222222221,0.9654975290382192,3.2339286933376625,0.0
mtd_ai,50,0.008722358462615489,0.234375,10.208084363056873,1.0222222222222221,100,1061,0.13422222222222221,0.9654975290382192,3.2339286933376625,0.0
mtd_ai,50,0.008722358462615489,0.27522935779816515,10.30647074832385,1.0333333333333334,100,1061,0.13422222222222221,0.9654975290382192,3.2339286933376625,0.0
mtd_ai,50,0.008722358462615489,0.3125,10.30808412673176,1.0133333333333334,100,1061,0.13422222222222221,0.9654975290382192,3.2339286933376625,0.0
mtd_ai,50,0.009701436327380396,0.2777777777777778,8.970495980554789,1.0666666666666667,100,1076,0.19033333333333333,1.4517350614993194,5.102754597809989,0.0
mtd_ai,50,0.009701436327380396,0.22727272727272727,9.635491037642264,1.0666666666666667,100,1076,0.19033333333333333,1.4517350614993194,5.102754597809989,0.0
mtd_ai,50,0.009701436327380396,0.27439024390243905,9.909386552948007,1.0222222222222221,100,1076,0.19033333333333333,1.4517350614993194,5.102754597809989,0.0
mtd_ai,50,0.009701436327380396,0.2727272727272727,10.441262152807981,1.0333333333333334,100,1076,0.19033333333333333,1.4517350614993194,5.102754597809989,0.0
mtd_ai,50,0.009701436327380396,0.2840909090909091,10.658376725082613,1.0133333333333334,100,1076,0.19033333333333333,1.4517350614993194,5.102754597809989,0.0
mtd_ai,50,0.009873391781957879,0.25862068965517243,8.333233170762925,1.0666666666666667,100,1013,0.17833333333333334,9.168890927482469,4.935671478774304,1.84
mtd_ai,50,0.009873391781957879,0.22388059701492538,9.42654778437418,1.0666666666666667,100,1013,0.17833333333333334,9.168890927482469,4.935671478774304,1.84
mtd_ai,50,0.009873391781957879,0.2647058823529412,9.337985644179222,1.0222222222222221,100,1013,0.17833333333333334,9.168890927482469,4.935671478774304,1.84
mtd_ai,50,0.009873391781957879,0.3,9.57121276702223,1.0333333333333334,100,1013,0.17833333333333334,9.168890927482469,4.935671478774304,1.84
mtd_ai,50,0.009873391781957879,0.32608695652173914,9.686436370871585,1.0133333333333334,100,1013,0.17833333333333334,9.168890927482469,4.935671478774304,1.84
