Name,mtd_interval,MEF,ASR,time_to_compromise,host_compromise_ratio,network_size,total_number_of_ports,attack_path_exposure,ROA,risk,shortest_path_variability
mtd_ai,50,0.006617188380709372,0.3,8.3715973619378,1.0666666666666667,100,1068,0.104,1.414194125083229,2.717082049164459,0.0
mtd_ai,50,0.006617188380709372,0.30612244897959184,9.002628182633755,1.0666666666666667,100,1068,0.104,1.414194125083229,2.717082049164459,0.0
mtd_ai,50,0.006617188380709372,0.3409090909090909,9.090353220149032,1.0222222222222221,100,1068,0.104,1.414194125083229,2.717082049164459,0.0
mtd_ai,50,0.006617188380709372,0.38961038961038963,9.346526485974245,1.0333333333333334,100,1068,0.104,1.414194125083229,2.717082049164459,0.0
mtd_ai,50,0.006617188380709372,0.3605769230769231,9.983439532324411,1.0133333333333334,100,1068,0.104,1.414194125083229,2.717082049164459,0.0
mtd_ai,50,0.006623411186215142,0.20833333333333334,8.463649262115213,1.0666666666666667,100,1112,0.14644444444444443,0.8641010008089078,2.3657105009214514,2.0
mtd_ai,50,0.006623411186215142,0.2727272727272727,8.903352114912938,1.0666666666666667,100,1112,0.14644444444444443,0.8641010008089078,2.3657105009214514,2.0
mtd_ai,50,0.006623411186215142,0.33088235294117646,9.121034692556833,1.0222222222222221,100,1112,0.14644444444444443,0.8641010008089078,2.3657105009214514,2.0
mtd_ai,50,0.006623411186215142,0.3448275862068966,9.28750009426576,1.0333333333333334,100,1112,0.14644444444444443,0.8641010008089078,2.3657105009214514,2.0
mtd_ai,50,0.006623411186215142,0.36764705882352944,9.576789526616972,1.0133333333333334,100,1112,0.14644444444444443,0.8641010008089078,2.3657105009214514,2.0
mtd_ai,50,0.006624655667333633,0.21428571428571427,9.004153454096771,1.0666666666666667,100,1097,0.3125,0.01164417486147169,0.02081732724286759,-2.0615384615384613
mtd_ai,50,0.006624655667333633,0.2777777777777778,9.065568996796177,1.0666666666666667,100,1097,0.3125,0.01164417486147169,0.02081732724286759,-2.0615384615384613
mtd_ai,50,0.006624655667333633,0.35714285714285715,9.208216487332722,1.0222222222222221,100,1097,0.3125,0.01164417486147169,0.02081732724286759,-2.0615384615384613
mtd_ai,50,0.006624655667333633,0.375,9.48184765858299,1.0333333333333334,100,1097,0.3125,0.01164417486147169,0.02081732724286759,-2.0615384615384613
mtd_ai,50,0.006624655667333633,0.3712871287128713,9.919641061896959,1.0133333333333334,100,1097,0.3125,0.01164417486147169,0.02081732724286759,-2.0615384615384613
